participant_id,avg_daily_sm_hours,avg_daily_screen_time_hours,avg_work_study_hours_per_day,years_on_social_media,attention_span_minutes,deep_work_duration_minutes,reading_duration_minutes_per_day,tasks_completed_per_day,avg_sleep_hours,withdrawal_attempt_count,longest_detox_days,productivity_self_rating,dopamine_rush_feel_score,fomo_score,comparison_to_others_score,validation_seeking_score,decision_fatigue_score,anxiety_when_phone_unavailable,restlessness_score,dopamine_dysregulation_index,digital_wellbeing_score,sm_addiction_risk_score
P0001,7.5,11.0,6.0,4,8,20,10,3,5.5,9,2,4,9,8,7,8,8,9,8,8.8,9.2,2.1
P0002,8.0,12.0,5.5,5,7,15,8,2,5.0,10,1,3,10,9,8,9,9,10,9,9.5,9.8,1.5
P0003,6.5,10.0,6.5,3,10,25,12,4,6.0,8,2,4,8,7,7,7,7,8,7,8.0,8.5,2.8
P0004,6.0,10.5,5.0,6,12,25,15,3,6.0,9,3,4,8,7,6,6,7,8,8,7.8,8.2,2.9
P0005,7.0,11.5,6.0,4,8,18,10,3,5.5,9,2,3,9,8,8,8,8,9,9,9.0,9.3,2.0
P0006,6.5,10.0,6.0,3,10,20,12,3,6.0,8,2,4,8,7,6,7,7,8,8,8.0,8.4,2.7
P0007,5.5,9.5,6.5,5,12,30,15,4,6.5,8,3,4,7,8,8,7,7,7,8,7.5,8.0,3.2
P0008,5.0,9.0,7.0,4,15,35,20,4,6.5,7,3,5,7,6,5,5,6,7,6,6.5,7.0,4.0
P0009,7.0,11.0,5.5,5,8,18,10,3,5.5,10,2,3,9,8,8,9,8,9,9,9.2,9.4,2.0
P0010,5.5,9.0,6.0,3,12,28,15,4,6.5,7,2,5,7,6,6,6,6,7,7,7.2,7.6,3.5
P0011,5.0,9.0,6.5,5,14,32,18,4,7.0,7,3,5,7,7,7,7,6,7,7,6.8,7.2,3.8
P0012,6.5,10.5,5.5,4,10,22,12,3,6.0,9,2,4,8,7,6,6,7,8,8,7.9,8.3,2.8
P0013,6.0,10.0,6.0,4,12,28,14,4,6.5,8,2,4,8,7,8,8,7,8,8,7.8,8.1,3.0
P0014,5.5,9.0,7.0,5,15,35,22,4,7.0,6,4,5,7,6,5,5,5,6,6,6.2,6.8,4.2
P0015,7.5,12.0,5.5,6,7,15,8,3,5.5,10,1,3,9,9,9,9,9,9,9,9.5,9.7,1.8
P0016,5.0,9.5,6.5,4,14,30,18,4,7.0,7,3,5,7,6,5,6,6,7,7,6.5,7.0,3.8
P0017,6.0,10.0,6.0,4,12,28,14,4,6.5,8,2,4,8,7,7,7,7,7,7,7.5,8.0,3.2
P0018,5.0,8.5,8.0,6,18,45,25,5,7.0,5,4,5,6,5,5,4,5,6,5,5.5,6.0,4.8
P0019,7.0,11.0,6.5,3,8,18,10,3,5.5,9,2,3,9,8,8,8,8,9,8,9.0,9.3,2.1
P0020,6.5,10.0,6.0,4,11,24,13,3,6.0,8,2,4,8,7,6,6,7,8,7,8.0,8.3,2.8
P0021,7.0,11.5,6.0,4,8,18,10,3,5.5,9,2,3,9,8,8,9,8,9,9,9.2,9.5,2.0
P0022,4.5,8.0,7.5,5,18,45,28,5,7.0,5,4,5,6,5,5,4,5,6,5,5.2,5.8,5.0
P0023,6.5,10.5,6.0,3,10,22,12,3,6.0,8,2,4,8,7,7,7,7,8,8,7.8,8.2,2.9
P0024,5.5,9.0,6.5,4,13,30,16,4,6.5,7,3,5,7,6,6,6,6,7,7,6.8,7.3,3.7
P0025,6.0,10.0,6.0,4,12,26,13,4,6.5,8,2,4,8,7,8,8,7,8,8,7.6,8.0,3.1
P0026,4.5,8.5,6.5,4,18,40,20,4,7.0,5,3,5,6,5,4,5,5,6,5,5.5,6.0,4.8
P0027,5.5,9.5,6.0,6,13,30,15,4,6.5,7,3,4,7,7,8,7,7,7,8,7.2,7.8,3.4
P0028,5.5,9.0,6.5,4,16,38,20,4,6.5,6,3,5,6,5,5,5,5,6,5,5.8,6.2,4.5
P0029,7.0,11.0,6.0,4,9,20,10,3,5.5,9,2,3,9,8,8,8,8,9,8,9.0,9.3,2.2
P0030,5.0,8.5,6.5,3,16,38,20,4,7.0,5,3,5,6,5,5,4,5,6,5,5.5,6.0,4.8
P0031,5.0,9.0,6.5,5,14,33,18,4,7.0,7,3,5,7,7,7,6,6,7,7,6.5,7.0,3.9
P0032,7.0,11.0,6.0,5,9,20,11,3,5.5,9,2,4,9,8,6,7,7,8,8,8.8,9.0,2.4
P0033,7.5,11.5,5.5,5,8,17,9,3,6.0,10,1,3,9,8,9,9,8,9,9,9.4,9.6,1.9
P0034,4.5,8.5,8.0,7,20,50,28,5,7.5,5,5,5,6,5,4,4,4,5,4,5.0,5.5,5.2
P0035,8.0,12.0,6.0,4,7,14,8,2,5.0,10,1,3,10,9,8,9,9,10,9,9.5,9.8,1.5
P0036,5.5,9.5,6.0,4,14,32,18,4,6.5,7,3,5,7,6,5,6,6,7,7,6.5,7.0,3.8
P0037,6.0,10.0,6.0,6,12,28,14,4,6.5,8,2,4,8,7,7,7,7,8,7,7.5,8.0,3.2
P0038,6.0,10.0,6.0,3,10,22,12,3,6.0,8,2,4,8,7,6,7,7,8,8,7.9,8.3,2.8
P0039,5.0,9.0,6.5,5,14,33,18,4,7.0,7,3,5,7,7,8,7,6,7,7,6.8,7.2,3.8
P0040,5.5,9.5,6.5,5,14,33,18,4,6.5,7,3,5,7,6,6,5,6,7,6,6.5,7.0,3.9
P0041,6.5,10.5,6.0,4,10,22,12,3,6.0,8,2,4,8,7,7,7,7,8,7,7.8,8.2,2.9
P0042,5.5,9.0,6.5,4,17,40,22,4,7.0,5,3,5,6,5,5,4,5,6,5,5.5,6.0,4.8
P0043,6.5,10.5,5.5,4,10,22,12,4,6.0,9,2,4,8,7,8,8,7,8,8,7.8,8.2,2.9
P0044,6.5,10.5,6.0,4,10,22,12,3,6.0,8,2,4,8,7,6,6,7,8,7,7.9,8.3,2.8
P0045,5.0,8.5,8.0,6,18,44,24,5,7.5,5,4,5,6,6,6,5,5,5,6,5.2,5.8,5.0
P0046,6.0,10.0,6.0,4,12,28,14,4,6.5,7,2,4,7,6,6,6,6,7,7,7.2,7.7,3.5
P0047,7.5,11.5,6.0,4,8,17,9,3,5.5,9,2,3,9,8,8,8,8,9,9,9.2,9.5,2.0
P0048,5.5,9.0,6.5,3,16,38,20,4,7.0,5,3,5,6,5,5,4,5,6,5,5.5,6.0,4.8
P0049,5.0,8.5,8.5,6,20,48,26,5,7.5,5,4,5,6,6,6,5,5,5,6,5.0,5.6,5.1
P0050,6.0,10.0,6.0,3,10,22,12,3,6.0,8,2,4,8,7,6,7,7,8,8,7.9,8.3,2.8
P0051,6.5,10.5,5.5,5,10,22,12,4,6.0,9,2,4,8,7,8,8,7,8,8,7.8,8.2,2.9
P0052,4.5,8.5,7.5,5,20,50,28,5,7.5,5,4,5,6,5,4,4,4,5,4,5.0,5.5,5.2
P0053,7.5,11.5,5.5,4,8,17,9,3,5.5,10,2,3,9,8,8,9,8,9,9,9.4,9.6,1.8
P0054,5.5,8.5,8.0,6,20,48,26,5,7.5,5,4,5,6,5,5,4,4,5,5,5.2,5.7,5.0
P0055,5.5,9.5,6.0,3,12,28,14,4,6.5,8,2,4,7,6,7,6,6,7,7,6.8,7.2,3.7
P0056,5.0,8.5,6.5,4,16,38,20,4,7.0,5,3,5,6,5,5,5,5,6,5,5.5,6.0,4.8
P0057,8.0,12.0,6.0,5,7,14,8,2,5.0,10,1,3,10,9,9,9,9,10,9,9.5,9.8,1.5
P0058,4.5,8.0,8.5,6,22,55,30,5,7.5,5,5,6,5,5,4,4,4,5,4,4.8,5.4,5.4
P0059,7.0,11.0,6.0,4,8,18,10,3,5.5,9,2,3,9,8,8,8,8,9,8,9.0,9.3,2.2
P0060,5.5,9.0,6.5,5,16,38,20,4,7.0,5,3,5,6,5,5,5,5,6,5,5.8,6.2,4.5
P0061,4.0,8.0,8.5,7,22,55,32,6,7.5,4,5,6,5,5,5,4,4,4,4,4.5,5.0,5.8
P0062,3.5,7.0,9.5,8,28,70,40,6,7.5,3,6,7,4,4,3,3,3,3,4,3.2,3.8,7.0
P0063,4.5,8.5,8.5,6,18,44,24,5,7.0,5,4,5,6,6,6,5,5,5,5,5.2,5.8,5.0
P0064,3.5,7.5,9.0,7,26,65,38,6,7.5,3,6,7,4,4,3,3,3,3,4,3.5,4.0,6.8
P0065,3.0,7.0,9.0,7,28,70,40,7,8.0,3,6,7,4,4,4,3,3,3,3,2.8,3.4,7.5
P0066,3.0,7.0,9.0,8,26,65,38,6,7.5,3,6,7,4,4,4,3,3,3,4,3.2,3.8,7.0
P0067,4.0,8.0,8.5,7,22,52,28,5,7.5,4,5,5,5,5,5,4,4,4,5,5.0,5.5,5.2
P0068,5.0,9.0,8.0,5,16,38,22,5,7.0,5,4,5,6,5,5,5,5,6,5,5.5,6.0,4.8
P0069,2.5,6.5,8.5,8,35,90,50,7,8.0,2,7,8,3,3,3,2,2,2,3,2.2,2.8,8.2
P0070,4.5,8.5,7.5,5,18,42,22,5,7.0,5,4,5,6,5,5,4,5,5,5,5.2,5.8,5.0
P0071,3.5,7.5,8.5,8,26,65,38,6,7.5,3,6,7,4,4,4,3,3,3,4,3.5,4.0,6.8
P0072,5.5,9.5,8.0,6,15,35,20,5,6.5,6,4,5,7,6,5,5,5,6,5,5.8,6.4,4.6
P0073,4.5,8.5,8.5,7,20,48,26,5,7.5,5,4,5,5,5,6,5,5,5,5,5.0,5.6,5.1
P0074,2.5,6.5,9.5,9,35,90,48,7,8.0,2,7,8,3,3,3,2,2,2,2,2.0,2.6,8.5
P0075,4.0,8.0,8.0,6,22,54,28,5,7.5,4,5,5,5,5,5,4,4,4,4,4.8,5.4,5.4
P0076,2.0,6.0,9.5,10,38,95,55,8,8.5,2,8,9,3,3,2,2,2,2,2,1.8,2.4,8.8
P0077,3.5,7.5,9.0,7,26,65,38,6,7.5,3,6,7,4,4,4,3,3,3,3,3.2,3.8,7.0
P0078,4.5,8.5,9.0,8,20,48,26,5,7.0,5,4,5,5,5,5,4,5,5,5,5.2,5.8,5.0
P0079,4.0,8.0,8.0,5,22,55,30,6,7.5,4,5,6,5,5,4,4,4,4,4,4.5,5.0,5.8
P0080,2.5,6.5,9.5,9,35,90,50,7,8.0,2,7,8,3,3,3,2,2,2,2,2.0,2.6,8.5
P0081,5.0,9.0,7.5,6,18,42,22,5,7.0,5,4,5,6,5,5,5,5,5,5,5.5,6.0,4.8
P0082,4.5,8.5,8.0,5,20,48,24,5,7.0,5,4,5,6,5,5,4,5,5,5,5.2,5.8,5.0
P0083,2.5,6.5,9.0,8,35,88,50,7,8.0,2,7,8,3,3,3,2,2,2,2,2.2,2.8,8.2
P0084,3.0,7.0,9.0,8,28,70,40,6,8.0,3,6,7,4,4,3,3,3,3,3,3.0,3.6,7.2
P0085,4.0,8.0,7.5,5,22,55,30,6,7.5,4,5,6,5,5,5,4,4,4,4,4.5,5.0,5.8
P0086,2.0,6.0,9.5,9,38,95,55,8,8.5,2,8,9,3,3,2,2,2,2,2,1.8,2.4,8.8
P0087,3.5,7.5,8.5,6,26,65,40,6,7.5,3,6,7,4,4,4,3,3,3,3,3.2,3.8,7.0
P0088,5.0,9.0,7.5,7,18,42,22,5,7.0,5,4,5,6,5,5,5,5,5,5,5.5,6.0,4.8
P0089,4.5,8.5,8.0,6,20,50,26,5,7.0,5,4,5,5,5,5,4,5,5,5,5.0,5.6,5.1
P0090,2.0,6.0,9.5,10,40,100,58,8,8.5,2,8,9,3,3,2,2,2,2,2,1.5,2.0,9.0
P0091,3.5,7.5,9.0,8,26,65,40,6,7.5,3,6,7,4,4,4,3,3,3,3,3.2,3.8,7.0
P0092,5.0,9.0,7.5,5,16,38,20,4,7.0,6,4,5,6,6,5,5,5,6,5,5.8,6.4,4.6
P0093,4.0,8.0,8.5,7,22,55,28,5,7.5,4,5,5,5,5,5,4,4,4,4,4.8,5.4,5.4
P0094,3.0,7.0,9.0,9,28,70,40,6,8.0,3,6,7,4,4,3,3,3,3,3,3.0,3.6,7.2
P0095,3.5,7.5,9.0,7,26,65,40,6,7.5,3,6,7,4,4,4,3,3,3,3,3.2,3.8,7.0
P0096,4.0,8.0,9.0,9,22,55,28,5,7.5,4,5,5,5,5,4,4,4,4,4,4.8,5.4,5.4
P0097,5.5,9.5,7.5,6,16,38,20,4,7.0,6,4,5,6,6,5,5,5,6,5,5.8,6.4,4.6
P0098,2.5,6.5,9.0,9,35,88,50,7,8.0,2,7,8,3,3,3,2,2,2,2,2.2,2.8,8.2
P0099,4.5,8.5,7.5,4,20,50,24,5,7.0,5,4,5,5,5,5,4,5,5,5,5.0,5.6,5.1
P0100,4.0,8.0,8.0,6,22,55,30,6,7.5,4,5,6,5,5,4,4,4,4,4,4.5,5.0,5.8
P0101,4.5,8.5,8.5,7,20,50,26,5,7.5,5,4,5,5,5,5,4,5,5,5,5.0,5.6,5.1
P0102,2.0,6.0,9.0,10,40,100,58,8,8.5,2,8,9,3,3,2,2,2,2,2,1.5,2.0,9.2
P0103,5.0,9.0,8.0,7,18,44,24,5,7.0,5,4,5,6,5,5,4,5,5,5,5.2,5.8,5.0
P0104,5.0,9.0,7.5,5,18,44,22,5,7.0,5,4,5,6,5,5,5,5,5,5,5.5,6.0,4.8
P0105,3.0,7.0,9.0,8,28,70,40,6,8.0,3,6,7,4,4,3,3,3,3,3,3.0,3.6,7.2
P0106,3.5,7.5,9.0,8,26,65,40,6,7.5,3,6,7,4,4,4,3,3,3,3,3.2,3.8,7.0
P0107,4.0,8.0,8.5,8,22,55,30,6,7.5,4,5,6,5,5,4,4,4,4,4,4.5,5.0,5.8
P0108,5.5,9.5,7.5,6,16,38,20,4,7.0,6,4,5,6,6,5,5,5,6,5,5.8,6.4,4.6
P0109,3.0,7.0,9.5,9,28,72,42,7,8.0,3,6,7,4,4,3,3,3,3,3,3.0,3.6,7.2
P0110,5.0,9.0,7.0,4,16,38,20,4,7.0,6,4,5,6,6,6,5,5,6,5,5.8,6.4,4.6
P0111,2.5,6.5,9.5,8,38,95,55,8,8.0,2,8,9,3,3,2,2,2,2,2,1.8,2.4,8.8
P0112,4.0,8.0,8.5,8,22,55,28,5,7.5,4,5,5,5,5,5,4,4,4,4,4.8,5.4,5.4
P0113,4.5,8.5,7.5,5,20,48,24,5,7.0,5,4,5,6,5,5,4,5,5,5,5.2,5.8,5.0
P0114,3.5,7.5,8.5,7,26,65,38,6,7.5,3,6,7,4,4,4,3,3,3,3,3.2,3.8,7.0
P0115,2.5,6.5,9.5,9,38,96,55,8,8.0,2,8,9,3,3,2,2,2,2,2,1.8,2.4,8.8
P0116,4.5,8.5,7.5,5,20,50,24,5,7.0,5,4,5,5,5,5,4,5,5,5,5.0,5.6,5.1
P0117,2.0,6.0,9.5,9,40,100,58,8,8.5,2,8,9,3,3,2,2,2,2,2,1.5,2.0,9.2
P0118,3.0,7.0,9.0,8,28,70,40,6,8.0,3,6,7,4,4,3,3,3,3,3,3.0,3.6,7.2
P0119,5.5,9.5,8.0,6,15,35,20,4,7.0,6,4,5,7,6,5,5,5,6,5,5.8,6.4,4.6
P0120,3.5,7.5,8.5,7,26,65,38,6,7.5,3,6,7,4,4,4,3,3,3,3,3.2,3.8,7.0
P0121,2.0,6.0,9.5,12,40,100,55,8,8.5,2,8,9,3,3,2,2,2,2,2,1.8,2.4,8.8
P0122,2.5,6.5,9.0,10,38,95,52,8,8.0,2,8,9,3,3,2,2,2,2,2,2.0,2.5,8.8
P0123,3.0,7.0,9.0,9,28,70,40,6,8.0,3,6,7,4,4,3,3,3,3,3,3.0,3.6,7.2
P0124,2.5,6.5,9.0,10,35,88,50,7,8.0,2,7,8,3,3,3,2,2,2,2,2.5,3.0,8.0
P0125,2.0,6.0,9.0,11,40,100,58,8,8.5,2,8,9,3,3,2,2,2,2,2,1.5,2.0,9.2
P0126,3.0,7.0,8.5,10,28,70,40,6,8.0,3,6,7,4,4,3,3,3,3,3,3.0,3.6,7.2
P0127,3.5,7.5,9.0,9,26,65,40,6,7.5,3,6,7,4,4,4,3,3,3,3,3.2,3.8,7.0
P0128,2.0,6.0,9.5,12,40,100,58,8,8.5,2,8,9,3,3,2,2,2,2,2,1.5,2.0,9.2
P0129,3.5,7.5,8.5,8,26,65,38,6,7.5,3,6,7,4,4,4,3,3,3,3,3.2,3.8,7.0
P0130,2.0,6.0,9.5,12,40,100,58,8,8.5,2,8,9,3,3,2,2,2,2,2,1.5,2.0,9.2
P0131,3.5,7.5,8.5,10,24,60,34,6,7.5,3,6,6,4,4,4,3,3,3,3,3.2,3.8,7.0
P0132,3.0,7.0,9.0,9,28,70,40,6,8.0,3,6,7,4,4,3,3,3,3,3,3.0,3.6,7.2
P0133,2.0,6.0,9.0,12,40,100,58,8,8.5,2,8,9,3,3,2,2,2,2,2,1.5,2.0,9.2
P0134,2.5,6.5,9.5,10,38,95,55,8,8.0,2,8,9,3,3,2,2,2,2,2,1.8,2.4,8.8
P0135,3.0,7.0,8.5,12,28,70,40,6,8.0,3,6,7,4,4,3,3,3,3,3,3.0,3.6,7.2
P0136,2.5,6.5,9.5,11,38,95,55,8,8.0,2,8,9,3,3,2,2,2,2,2,1.8,2.4,8.8
P0137,3.5,7.5,8.5,9,26,65,38,6,7.5,3,6,7,4,4,4,3,3,3,3,3.2,3.8,7.0
P0138,2.5,6.5,9.0,12,35,88,50,7,8.0,2,7,8,3,3,3,2,2,2,2,2.5,3.0,8.0
P0139,3.0,7.0,9.0,9,28,70,40,6,8.0,3,6,7,4,4,3,3,3,3,3,3.0,3.6,7.2
P0140,2.5,6.5,9.5,11,38,95,55,8,8.0,2,8,9,3,3,2,2,2,2,2,1.8,2.4,8.8
P0141,2.0,6.0,9.5,11,40,100,58,8,8.5,2,8,9,3,3,2,2,2,2,2,1.5,2.0,9.2
P0142,2.5,6.5,9.0,10,35,88,50,7,8.0,2,7,8,3,3,3,2,2,2,2,2.5,3.0,8.0
P0143,4.0,8.0,8.5,9,22,55,28,5,7.5,4,5,5,5,5,5,4,4,4,4,4.8,5.4,5.4
P0144,3.0,7.0,8.5,9,28,70,40,6,8.0,3,6,7,4,4,3,3,3,3,3,3.0,3.6,7.2
P0145,3.5,7.5,8.5,10,26,65,38,6,7.5,3,6,7,4,4,4,3,3,3,3,3.2,3.8,7.0
P0146,2.5,6.5,9.5,12,40,100,56,8,8.0,2,8,9,3,3,2,2,2,2,2,1.8,2.4,8.8
P0147,3.0,7.0,9.0,9,28,70,40,6,8.0,3,6,7,4,4,3,3,3,3,3,3.0,3.6,7.2
P0148,3.5,7.5,8.5,10,26,65,38,6,7.5,3,6,7,4,4,4,3,3,3,3,3.2,3.8,7.0
P0149,3.5,7.5,8.0,9,24,60,35,6,7.5,3,6,6,4,4,4,3,3,3,3,3.2,3.8,7.0
P0150,3.5,7.5,8.5,10,26,65,40,6,7.5,3,6,7,4,4,4,3,3,3,3,3.2,3.8,7.0
P0151,2.5,6.5,9.0,11,38,95,55,8,8.0,2,8,9,3,3,2,2,2,2,2,1.8,2.4,8.8
P0152,3.0,7.0,9.0,8,28,70,40,6,8.0,3,6,7,4,4,3,3,3,3,3,3.0,3.6,7.2
P0153,3.0,7.0,9.0,10,28,70,40,6,8.0,3,6,7,4,4,3,3,3,3,3,3.0,3.6,7.2
P0154,4.0,8.0,8.0,9,22,55,30,6,7.5,4,5,6,5,5,4,4,4,4,4,4.5,5.0,5.8
P0155,3.5,7.5,8.5,9,26,65,38,6,7.5,3,6,7,4,4,4,3,3,3,3,3.2,3.8,7.0
P0156,2.5,6.5,9.0,12,35,88,50,7,8.0,2,7,8,3,3,3,2,2,2,2,2.5,3.0,8.0
P0157,2.5,6.5,9.0,10,38,95,55,8,8.0,2,8,9,3,3,2,2,2,2,2,1.8,2.4,8.8
P0158,3.5,7.5,8.5,9,24,60,34,6,7.5,3,6,6,4,4,4,3,3,3,3,3.2,3.8,7.0
P0159,3.0,7.0,9.0,8,28,70,40,6,8.0,3,6,7,4,4,3,3,3,3,3,3.0,3.6,7.2
P0160,3.0,7.0,9.0,9,28,70,40,6,8.0,3,6,7,4,4,3,3,3,3,3,3.0,3.6,7.2
P0161,3.5,7.5,8.5,9,26,65,38,6,7.5,3,6,7,4,4,4,3,3,3,3,3.2,3.8,7.0
P0162,2.0,6.0,9.5,12,40,100,58,8,8.5,2,8,9,3,3,2,2,2,2,2,1.5,2.0,9.2
P0163,4.0,8.0,8.5,10,22,55,28,5,7.5,4,5,5,5,5,5,4,4,4,4,4.8,5.4,5.4
P0164,2.5,6.5,9.0,10,35,88,50,7,8.0,2,7,8,3,3,3,2,2,2,2,2.5,3.0,8.0
P0165,3.5,7.5,8.5,9,26,65,38,6,7.5,3,6,7,4,4,4,3,3,3,3,3.2,3.8,7.0
P0166,2.5,6.5,9.5,10,38,95,55,8,8.0,2,8,9,3,3,2,2,2,2,2,1.8,2.4,8.8
P0167,2.0,6.0,9.5,12,40,100,58,8,8.5,2,8,9,3,3,2,2,2,2,2,1.5,2.0,9.2
P0168,3.0,7.0,8.5,9,28,70,40,6,8.0,3,6,7,4,4,3,3,3,3,3,3.0,3.6,7.2
P0169,3.5,7.5,8.5,8,26,65,38,6,7.5,3,6,7,4,4,4,3,3,3,3,3.2,3.8,7.0
P0170,3.5,7.5,9.0,9,24,60,34,6,7.5,3,6,6,4,4,4,3,3,3,3,3.2,3.8,7.0
P0171,2.5,6.5,9.0,11,38,95,55,8,8.0,2,8,9,3,3,2,2,2,2,2,1.8,2.4,8.8
P0172,2.0,6.0,9.5,12,40,100,58,8,8.5,2,8,9,3,3,2,2,2,2,2,1.5,2.0,9.2
P0173,3.0,7.0,8.5,12,28,70,40,6,8.0,3,6,7,4,4,3,3,3,3,3,3.0,3.6,7.2
P0174,3.5,7.5,8.5,9,26,65,38,6,7.5,3,6,7,4,4,4,3,3,3,3,3.2,3.8,7.0
P0175,4.0,8.0,8.0,10,22,55,30,6,7.5,4,5,6,5,5,4,4,4,4,4,4.5,5.0,5.8
P0176,2.5,6.5,9.5,11,38,95,55,8,8.0,2,8,9,3,3,2,2,2,2,2,1.8,2.4,8.8
P0177,2.5,6.5,9.0,11,38,95,55,8,8.0,2,8,9,3,3,2,2,2,2,2,1.8,2.4,8.8
P0178,3.5,7.5,8.5,8,26,65,38,6,7.5,3,6,7,4,4,4,3,3,3,3,3.2,3.8,7.0
P0179,3.0,7.0,8.5,10,28,70,40,6,8.0,3,6,7,4,4,3,3,3,3,3,3.0,3.6,7.2
P0180,3.5,7.5,8.5,9,26,65,38,6,7.5,3,6,7,4,4,4,3,3,3,3,3.2,3.8,7.0
P0181,1.5,5.0,9.0,12,50,120,60,8,8.0,1,9,9,2,2,2,1,1,1,1,1.2,1.8,9.5
P0182,1.5,4.5,9.0,10,55,130,65,9,8.5,1,9,9,2,2,1,1,1,1,1,1.0,1.5,9.6
P0183,2.0,5.5,8.5,11,48,115,58,8,8.0,1,8,9,2,2,2,1,1,1,1,1.5,2.0,9.2
P0184,1.5,4.0,0.0,8,55,130,65,9,8.5,1,9,9,2,2,1,1,1,1,1,1.0,1.4,9.7
P0185,1.5,5.0,9.5,12,52,125,60,8,8.5,1,9,9,2,2,2,1,1,1,1,1.2,1.8,9.5
P0186,1.5,4.0,0.0,7,55,130,68,9,8.5,1,9,9,2,2,1,1,1,1,1,1.0,1.4,9.7
P0187,1.0,4.5,9.5,14,55,130,65,9,8.5,1,9,9,2,2,1,1,1,1,1,1.0,1.5,9.6
P0188,1.5,4.0,0.0,8,55,130,68,9,8.5,1,9,9,2,2,1,1,1,1,1,1.0,1.4,9.7
P0189,2.0,5.5,9.0,10,48,115,55,8,8.0,1,8,9,2,2,2,1,1,1,1,1.5,2.0,9.2
P0190,1.0,4.0,0.0,6,60,140,70,10,9.0,1,10,10,1,1,1,1,1,1,1,0.8,1.2,9.8
P0191,2.0,5.5,8.5,11,48,115,56,8,8.0,1,8,9,2,2,2,1,1,1,1,1.5,2.0,9.2
P0192,1.5,4.0,0.0,7,55,130,68,9,8.5,1,9,9,2,2,1,1,1,1,1,1.0,1.4,9.7
P0193,1.5,5.0,9.5,12,52,125,60,8,8.5,1,9,9,2,2,2,1,1,1,1,1.2,1.8,9.5
P0194,1.5,4.0,0.0,6,55,130,68,9,8.5,1,9,9,2,2,1,1,1,1,1,1.0,1.4,9.7
P0195,1.5,5.0,9.0,13,52,125,60,8,8.5,1,9,9,2,2,1,1,1,1,1,1.0,1.5,9.6
P0196,1.0,4.0,0.0,5,60,140,70,10,9.0,1,10,10,1,1,1,1,1,1,1,0.8,1.2,9.8
P0197,2.0,5.5,9.0,11,48,115,56,8,8.0,1,8,9,2,2,2,1,1,1,1,1.5,2.0,9.2
P0198,1.5,4.0,0.0,7,55,130,68,9,8.5,1,9,9,2,2,1,1,1,1,1,1.0,1.4,9.7
P0199,2.0,5.5,8.5,10,48,115,56,8,8.0,1,8,9,2,2,2,1,1,1,1,1.5,2.0,9.2
P0200,0.5,3.0,0.0,4,65,150,72,10,9.0,0,10,10,1,1,1,1,1,1,1,0.5,1.0,9.9
P0201,2.0,5.5,8.0,9,48,115,55,8,8.0,1,8,9,2,2,2,1,1,1,1,1.5,2.0,9.2
P0202,1.5,4.0,0.0,8,55,130,68,9,8.5,1,9,9,2,2,1,1,1,1,1,1.0,1.4,9.7
P0203,1.5,5.0,8.5,12,52,125,60,8,8.5,1,9,9,2,2,2,1,1,1,1,1.2,1.8,9.5
P0204,1.0,4.0,0.0,6,60,140,72,10,9.0,0,10,10,1,1,1,1,1,1,1,0.8,1.2,9.8
P0205,2.0,5.5,9.0,10,48,115,56,8,8.0,1,8,9,2,2,2,1,1,1,1,1.5,2.0,9.2
P0206,1.5,5.0,9.0,12,52,125,62,8,8.5,1,9,9,2,2,1,1,1,1,1,1.0,1.5,9.6
P0207,1.0,4.0,0.0,8,60,140,72,10,9.0,0,10,10,1,1,1,1,1,1,1,0.8,1.2,9.8
P0208,2.0,5.5,8.5,9,48,115,55,8,8.0,1,8,9,2,2,2,1,1,1,1,1.5,2.0,9.2
P0209,1.0,4.0,0.0,5,60,140,70,9,9.0,0,10,10,1,1,1,1,1,1,1,0.8,1.2,9.8
P0210,2.0,5.5,8.5,10,48,115,55,8,8.0,1,8,9,2,2,2,1,1,1,1,1.5,2.0,9.2
P0211,1.5,5.0,9.5,14,52,125,62,8,8.5,1,9,9,2,2,1,1,1,1,1,1.0,1.5,9.6
P0212,0.5,3.0,0.0,5,65,150,72,10,9.0,0,10,10,1,1,1,1,1,1,1,0.5,1.0,9.9
P0213,2.0,5.5,9.0,12,48,115,56,8,8.0,1,8,9,2,2,2,1,1,1,1,1.5,2.0,9.2
P0214,1.5,4.0,0.0,7,55,130,68,9,8.5,1,9,9,2,2,1,1,1,1,1,1.0,1.4,9.7
P0215,2.0,5.5,9.5,12,48,115,56,8,8.0,1,8,9,2,2,2,1,1,1,1,1.5,2.0,9.2
P0216,1.5,4.0,0.0,8,55,130,68,9,8.5,1,9,9,2,2,1,1,1,1,1,1.0,1.4,9.7
P0217,2.0,5.5,9.0,10,48,115,56,8,8.0,1,8,9,2,2,2,1,1,1,1,1.5,2.0,9.2
P0218,1.0,4.0,0.0,6,60,140,70,9,9.0,0,10,10,1,1,1,1,1,1,1,0.8,1.2,9.8
P0219,2.0,5.5,8.5,9,48,115,56,8,8.0,1,8,9,2,2,2,1,1,1,1,1.5,2.0,9.2
P0220,1.0,4.0,0.0,8,60,140,72,10,9.0,0,10,10,1,1,1,1,1,1,1,0.8,1.2,9.8
P0221,2.0,5.5,8.5,9,48,115,55,8,8.0,1,8,9,2,2,2,1,1,1,1,1.5,2.0,9.2
P0222,1.5,4.0,0.0,7,55,130,68,9,8.5,1,9,9,2,2,1,1,1,1,1,1.0,1.4,9.7
P0223,1.5,5.0,9.5,12,52,125,62,8,8.5,1,9,9,2,2,1,1,1,1,1,1.0,1.5,9.6
P0224,1.0,4.0,0.0,5,60,140,72,10,9.0,0,10,10,1,1,1,1,1,1,1,0.8,1.2,9.8
P0225,2.0,5.5,8.5,9,48,115,55,8,8.0,1,8,9,2,2,2,1,1,1,1,1.5,2.0,9.2
P0226,1.0,4.0,0.0,5,60,140,70,9,9.0,0,10,10,1,1,1,1,1,1,1,0.8,1.2,9.8
P0227,2.0,5.5,8.5,8,48,115,55,8,8.0,1,8,9,2,2,2,1,1,1,1,1.5,2.0,9.2
P0228,1.0,4.0,0.0,8,62,142,72,10,9.0,0,10,10,1,1,1,1,1,1,1,0.8,1.2,9.8
P0229,2.5,6.0,8.0,9,46,112,54,8,8.0,2,8,9,2,2,2,1,2,2,2,1.8,2.4,8.8
P0230,1.5,4.0,0.0,8,55,130,68,9,8.5,1,9,9,2,2,1,1,1,1,1,1.0,1.4,9.7
P0231,2.0,5.5,9.5,12,50,122,58,8,8.0,1,8,9,2,2,2,1,1,1,1,1.5,2.0,9.2
P0232,0.5,3.0,0.0,4,65,150,72,10,9.0,0,10,10,1,1,1,1,1,1,1,0.5,1.0,9.9
P0233,2.0,5.5,8.0,9,48,115,55,8,8.0,1,8,9,2,2,2,1,1,1,1,1.5,2.0,9.2
P0234,1.5,4.0,0.0,7,55,130,68,9,8.5,1,9,9,2,2,1,1,1,1,1,1.0,1.4,9.7
P0235,1.5,5.0,9.0,12,52,125,60,8,8.5,1,9,9,2,2,2,1,1,1,1,1.2,1.8,9.5
P0236,1.0,4.0,0.0,6,60,140,70,9,9.0,0,10,10,1,1,1,1,1,1,1,0.8,1.2,9.8
P0237,2.5,6.0,8.0,9,46,112,54,8,8.0,2,8,9,2,2,2,1,2,2,2,1.8,2.4,8.8
P0238,2.0,5.5,9.0,10,48,115,55,8,8.0,1,8,9,2,2,2,1,1,1,1,1.5,2.0,9.2
P0239,1.0,4.0,0.0,5,60,140,70,9,9.0,0,10,10,1,1,1,1,1,1,1,0.8,1.2,9.8
P0240,1.5,5.0,9.5,12,52,125,62,8,8.5,1,9,9,2,2,1,1,1,1,1,1.0,1.5,9.6
P0241,6.5,10.5,8.5,12,15,30,15,4,6.0,8,4,4,8,7,5,6,7,8,7,7.5,8.0,3.2
P0242,7.0,11.0,8.5,10,10,20,10,3,6.0,9,3,4,9,8,8,8,8,9,8,8.8,9.2,2.2
P0243,6.0,10.0,7.5,8,14,30,16,4,6.5,7,3,4,7,6,6,6,6,7,7,7.2,7.8,3.4
P0244,7.5,11.5,0.0,7,8,18,9,3,5.5,10,2,3,9,8,8,9,8,9,9,9.2,9.5,2.0
P0245,8.0,12.0,6.0,5,7,14,8,2,5.0,10,1,3,10,9,7,8,9,10,8,9.5,9.8,1.5
P0246,5.5,9.5,7.5,10,16,38,22,5,7.0,5,4,5,6,6,6,5,5,5,5,5.8,6.4,4.6
P0247,4.5,8.5,8.5,7,20,50,26,5,7.5,4,5,5,5,5,4,4,4,4,4,5.0,5.6,5.1
P0248,9.0,13.0,5.5,4,5,10,5,2,4.5,10,1,2,10,10,9,10,10,10,10,9.8,10.0,1.2
P0249,8.5,12.5,5.5,6,6,12,6,2,5.0,10,1,2,10,9,8,8,9,10,9,9.6,9.9,1.4
P0250,3.5,7.5,8.5,8,24,60,35,6,7.5,3,6,6,4,4,4,3,3,3,3,3.2,3.8,7.0
P0251,9.0,13.0,6.0,5,5,10,5,2,4.5,10,1,2,10,10,10,10,10,10,10,9.9,10.0,1.1
P0252,6.5,10.5,8.5,9,15,35,20,4,6.5,7,4,5,7,6,5,5,5,7,6,6.2,6.8,4.2
P0253,5.5,9.5,6.0,6,14,32,16,4,7.0,7,3,4,7,6,6,6,6,7,7,7.2,7.7,3.5
P0254,6.0,10.0,6.5,10,15,35,20,4,6.5,7,4,5,7,6,5,6,5,7,6,6.5,7.0,3.9
P0255,8.0,12.0,5.5,5,8,17,9,3,5.5,9,2,3,9,8,8,9,8,9,9,9.3,9.6,1.9
P0256,4.5,8.5,8.5,9,20,48,26,5,7.0,5,4,5,5,5,5,4,5,5,5,5.2,5.8,5.0
P0257,7.0,11.0,6.0,5,9,20,11,3,5.5,9,2,4,9,7,6,7,7,8,8,8.8,9.0,2.4
P0258,3.5,7.5,9.0,9,26,65,40,6,7.5,3,6,7,4,4,4,3,3,3,3,3.2,3.8,7.0
P0259,7.5,11.5,6.0,4,8,17,9,3,5.5,10,2,3,9,8,9,9,8,9,9,9.4,9.6,1.9
P0260,5.5,9.5,7.5,6,15,35,20,4,7.0,6,4,5,7,6,5,5,5,6,5,5.8,6.4,4.6
P0261,8.5,12.5,5.5,5,6,12,7,2,5.0,10,1,2,10,9,9,9,9,10,9,9.6,9.8,1.4
P0262,4.0,8.0,7.5,10,22,55,28,5,7.5,4,5,5,5,5,4,4,4,4,4,4.8,5.4,5.4
P0263,8.0,12.0,5.5,4,8,16,8,2,5.5,9,1,3,9,8,7,7,8,9,8,9.2,9.5,2.1
P0264,4.0,8.0,8.5,10,22,55,28,5,7.5,4,5,5,5,5,5,4,4,4,4,4.8,5.4,5.4
P0265,6.5,10.5,0.0,6,10,22,12,4,6.0,8,3,4,8,7,7,7,7,8,8,7.8,8.2,2.9
P0266,6.0,10.0,5.5,7,11,24,13,3,6.5,8,2,4,8,7,7,7,7,8,8,7.8,8.2,2.9
P0267,7.0,11.0,6.0,4,9,19,10,3,5.5,9,2,3,9,8,7,7,7,9,8,9.0,9.3,2.2
P0268,5.0,9.0,8.5,12,18,42,22,5,6.5,5,4,5,6,5,5,5,5,5,5,5.5,6.0,4.8
P0269,5.5,9.5,8.5,6,15,35,20,4,7.0,6,4,5,7,6,6,5,5,6,5,5.8,6.4,4.6
P0270,4.5,8.5,9.0,11,20,48,26,5,7.5,4,5,5,5,5,4,4,4,4,4,5.2,5.8,5.0
P0271,7.5,11.5,6.0,5,8,17,9,3,5.5,9,2,3,9,8,8,9,8,9,9,9.2,9.5,2.0
P0272,3.5,7.5,9.0,10,24,60,35,6,7.5,3,6,6,4,4,4,3,3,3,3,3.2,3.8,7.0
P0273,5.0,9.0,7.0,7,16,38,20,5,7.0,5,4,5,6,6,6,5,5,5,5,5.8,6.4,4.6
P0274,6.5,10.5,6.0,4,10,22,12,3,6.0,8,2,4,8,7,6,6,7,8,7,7.8,8.2,2.9
P0275,5.0,9.0,8.5,8,16,38,20,4,7.0,6,4,5,6,6,6,5,5,6,5,5.8,6.4,4.6
P0276,4.5,8.5,8.5,10,20,50,26,5,7.5,4,5,5,5,5,5,4,4,4,4,5.0,5.6,5.1
P0277,6.0,10.0,6.5,4,14,32,18,4,6.5,6,3,5,7,6,5,5,5,6,5,6.2,6.8,4.2
P0278,3.5,7.5,8.5,8,26,65,38,6,7.5,3,6,7,4,4,4,3,3,3,3,3.2,3.8,7.0
P0279,5.5,9.5,8.0,6,15,35,20,4,7.0,6,4,5,7,6,5,5,5,6,5,5.8,6.4,4.6
P0280,8.5,12.5,6.0,4,6,13,7,2,5.0,10,1,2,10,9,9,9,9,10,9,9.6,9.9,1.4
P0281,2.5,6.5,9.5,13,38,95,55,8,8.0,2,8,9,3,3,2,2,2,2,2,1.8,2.4,8.8
P0282,5.0,9.0,7.5,7,16,38,20,4,7.0,6,4,5,6,6,5,5,5,6,5,5.8,6.4,4.6
P0283,7.0,11.0,6.0,5,12,25,14,4,6.0,8,3,4,8,7,5,6,7,8,7,7.5,8.0,3.2
P0284,7.5,11.5,6.0,4,8,17,9,3,5.5,9,2,3,9,8,8,8,8,9,8,9.0,9.3,2.2
P0285,3.5,7.5,8.5,9,26,65,38,6,7.5,3,6,7,4,4,4,3,3,3,3,3.2,3.8,7.0
P0286,5.0,9.0,8.0,6,18,44,22,5,7.0,5,4,5,6,5,5,5,5,5,5,5.5,6.0,4.8
P0287,5.5,9.5,7.5,8,15,35,20,4,7.0,6,4,5,7,6,6,5,5,6,5,5.8,6.4,4.6
P0288,7.0,11.0,6.0,3,9,18,10,3,5.5,9,2,3,9,8,7,7,8,9,8,9.0,9.3,2.2
P0289,5.5,9.5,8.5,8,16,38,22,5,7.0,5,4,5,6,5,5,5,5,5,5,5.5,6.0,4.8
P0290,6.5,10.5,6.0,4,10,22,12,3,6.0,8,2,4,8,7,6,7,7,8,8,7.9,8.3,2.8
P0291,2.0,5.5,9.0,11,48,115,56,8,8.0,1,8,9,2,2,2,1,1,1,1,1.5,2.0,9.2
P0292,7.5,11.5,6.0,4,8,17,9,3,5.5,10,2,3,9,8,9,9,8,9,9,9.4,9.6,1.8
P0293,3.0,7.0,9.5,9,28,70,40,6,8.0,3,6,7,4,4,3,3,3,3,3,3.0,3.6,7.2
P0294,9.0,13.0,5.5,5,5,10,5,2,4.5,10,1,2,10,10,10,10,10,10,10,9.9,10.0,1.1
P0295,5.5,9.5,7.0,10,15,35,20,4,6.5,7,4,5,7,5,5,5,5,7,6,6.2,6.8,4.2
P0296,6.5,10.5,0.0,6,11,24,12,3,6.0,9,3,3,8,7,7,7,7,8,8,7.8,8.2,2.9
P0297,4.0,8.0,8.5,8,22,55,28,5,7.5,4,5,5,5,5,4,4,4,4,4,4.8,5.4,5.4
P0298,8.0,12.0,6.0,4,8,17,9,3,5.5,9,2,3,9,8,8,9,8,9,9,9.2,9.5,2.0
P0299,3.5,7.5,8.5,10,26,65,38,6,7.5,3,6,7,4,4,4,3,3,3,3,3.2,3.8,7.0
P0300,7.5,11.5,6.0,5,8,18,10,3,5.5,9,2,3,9,8,7,8,8,9,8,9.0,9.4,2.1
